[{"key":"dbln","value":"%7B%22100090868127524%22%3A%22ucXfhZif%22%7D","domain":"facebook.com","path":"/login/device-based/","hostOnly":false,"creation":"2026-02-28T13:36:12.853Z","lastAccessed":"2026-02-28T13:36:12.853Z"},{"key":"datr","value":"JfOcae7qUAgboO7yHwNkYoQZ","domain":"facebook.com","path":"/","hostOnly":false,"creation":"2026-02-28T13:36:12.853Z","lastAccessed":"2026-02-28T13:36:12.853Z"},{"key":"sb","value":"JfOcaZvYMUCTi5ecNawf87vu","domain":"facebook.com","path":"/","hostOnly":false,"creation":"2026-02-28T13:36:12.853Z","lastAccessed":"2026-02-28T13:36:12.853Z"},{"key":"ps_l","value":"1","domain":"facebook.com","path":"/","hostOnly":false,"creation":"2026-02-28T13:36:12.853Z","lastAccessed":"2026-02-28T13:36:12.853Z"},{"key":"ps_n","value":"1","domain":"facebook.com","path":"/","hostOnly":false,"creation":"2026-02-28T13:36:12.853Z","lastAccessed":"2026-02-28T13:36:12.853Z"},{"key":"vpd","value":"v1%3B728x360x3","domain":"facebook.com","path":"/","hostOnly":false,"creation":"2026-02-28T13:36:12.853Z","lastAccessed":"2026-02-28T13:36:12.853Z"},{"key":"m_pixel_ratio","value":"3","domain":"facebook.com","path":"/","hostOnly":false,"creation":"2026-02-28T13:36:12.853Z","lastAccessed":"2026-02-28T13:36:12.853Z"},{"key":"wd","value":"360x820","domain":"facebook.com","path":"/","hostOnly":false,"creation":"2026-02-28T13:36:12.853Z","lastAccessed":"2026-02-28T13:36:12.853Z"},{"key":"c_user","value":"100090868127524","domain":"facebook.com","path":"/","hostOnly":false,"creation":"2026-02-28T13:36:12.853Z","lastAccessed":"2026-02-28T13:36:12.853Z"},{"key":"xs","value":"35%3AOGj2smhFQZv1wA%3A2%3A1772238959%3A-1%3A-1","domain":"facebook.com","path":"/","hostOnly":false,"creation":"2026-02-28T13:36:12.853Z","lastAccessed":"2026-02-28T13:36:12.853Z"},{"key":"locale","value":"vi_VN","domain":"facebook.com","path":"/","hostOnly":false,"creation":"2026-02-28T13:36:12.853Z","lastAccessed":"2026-02-28T13:36:12.853Z"},{"key":"pas","value":"61587594726570%3AjIrxBxYgrG%2C61586772374991%3AipHRkMXufa%2C100090868127524%3AQnWcTIkd9e","domain":"facebook.com","path":"/","hostOnly":false,"creation":"2026-02-28T13:36:12.853Z","lastAccessed":"2026-02-28T13:36:12.853Z"},{"key":"fr","value":"0q1YS5mjOunCA3A81.AWeaJQY1toqvqFw0rTX2UqVZIxOHUZcdZidnK41VxWELI5pOyHM.BpnPMl..AAA.0.0.Bpou0P.AWcipduVg3vK2ajEAHdL1rUz84c","domain":"facebook.com","path":"/","hostOnly":false,"creation":"2026-02-28T13:36:12.853Z","lastAccessed":"2026-02-28T13:36:12.853Z"},{"key":"wl_cbv","value":"v2%3Bclient_version%3A3100%3Btimestamp%3A1772285199","domain":"facebook.com","path":"/","hostOnly":false,"creation":"2026-02-28T13:36:12.854Z","lastAccessed":"2026-02-28T13:36:12.854Z"},{"key":"fbl_st","value":"101335445%3BT%3A29538096","domain":"facebook.com","path":"/","hostOnly":false,"creation":"2026-02-28T13:36:12.854Z","lastAccessed":"2026-02-28T13:36:12.854Z"}]
